{
    "type": "minecraft:crafting_shaped",
    "category": "equipment",
    "pattern": [
      "ccc",
      " s ",
      " s "
    ],
    "key": {
      "c": {
        "item": "minecraft:emerald"
      },
      "s": {
        "item": "minecraft:stick"
      }
    },
    "result": {
      "id": "minecraft:diamond_pickaxe",
      "components": {
        "minecraft:item_name": "{\"text\":\"Emerald Pickaxe\"}",
        "lore": ["{\"text\":\"Gives Night Vision When In Main Hand\",\"color\":\"#88ff88\"}"],
        "minecraft:custom_model_data": 22
      }
    }
  }
  