{
    "type": "minecraft:crafting_shaped",
    "pattern": [
        "nDn",
        "DED",
        "nDn"
    ],
    "key": {
        "n": {
            "item": "minecraft:netherite_ingot"
        },
        "D": {
            "item": "minecraft:diamond"
        },
        "E": {
            "item": "minecraft:enchanted_golden_apple"
        }
    },
    "result": {
        "id": "minecraft:red_dye",
        "count": 1,
        "components": {
            "minecraft:custom_model_data": 20202,
            "minecraft:lore": ["{\"text\":\"This item will be used\",\"color\":\"red\"}","{\"text\":\"as soon as you take it out of this crafting\",\"color\":\"red\"}","{\"text\":\"table\",\"color\":\"red\"}"],
            "minecraft:item_name": "{\"text\":\"Life Dust [Shift-Click Me]\"}"
        }
    }
}