{
    "type": "minecraft:crafting_shaped",
    "pattern": [
        "#N#",
        "EJE",
        "#N#"
    ],
    "key": {
        "#": {
            "item": "minecraft:diamond_block"
        },
        "N": {
            "item": "minecraft:netherite_block"
        },
        "E": {
            "item": "minecraft:enchanted_golden_apple"
        },
        "J": {
            "item": "minecraft:name_tag"
        }
    },
    "result": {
        "id": "minecraft:name_tag",
        "count": 1,
        "components": {
            "minecraft:custom_model_data": 10101,
            "minecraft:lore": ["{\"text\":\"Make sure the player you want to\",\"color\":\"red\"}","{\"text\":\"revive is within 10 blocks of you\",\"color\":\"red\"}","{\"text\":\"BEFORE colleting this item\",\"color\":\"red\"}"],
            "minecraft:item_name": "{\"text\":\"Revive Tag [Shift-Click Me]\"}"
        }
    }
}