{
    "type": "minecraft:crafting_shaped",
    "category": "equipment",
    "pattern": [
      "c",
      "s",
      "s"
    ],
    "key": {
      "c": {
        "item": "minecraft:amethyst_shard"
      },
      "s": {
        "item": "minecraft:stick"
      }
    },
    "result": {
      "id": "minecraft:iron_shovel",
      "components": {
        "minecraft:item_name": "{\"text\":\"Amethyst Shard Shovel\"}",
        "minecraft:custom_model_data": 63
      }
    }
  }
  