{
    "type": "minecraft:crafting_shaped",
    "category": "equipment",
    "pattern": [
      "ccc",
      " s ",
      " s "
    ],
    "key": {
      "c": {
        "item": "minecraft:amethyst_shard"
      },
      "s": {
        "item": "minecraft:stick"
      }
    },
    "result": {
      "id": "minecraft:iron_pickaxe",
      "components": {
        "minecraft:item_name": "{\"text\":\"Amethyst Shard Pickaxe\"}",
        "minecraft:custom_model_data": 62
      }
    }
  }
  